id,first_name,last_name,email,country
1,Feliza,Eusden,feusden0@ameblo.jp,France
2,Priscilla,Le Pine,plepine1@biglobe.ne.jp,France
3,Jaimie,Sandes,jsandes2@reuters.com,France
4,Nari,Dolphin,ndolphin3@cbslocal.com,France
5,Garik,Farre,gfarre4@economist.com,France
6,Kordula,Broodes,kbroodes5@amazon.de,France
7,Rakel,Ingliby,ringliby6@ft.com,United States
8,Derk,Mattielli,dmattielli7@slideshare.net,United States
9,Karrah,Boshard,kboshard8@ihg.com,France
10,Friedrich,Kreutzer,fkreutzer9@businessweek.com,France
11,Conn,Claiden,cclaidena@vimeo.com,France
12,Karel,Crippin,kcrippinb@google.pl,France
13,Millisent,Joint,mjointc@state.tx.us,France
14,Valeria,McCloughen,vmccloughend@gov.uk,France
15,Monique,Bernardo,mbernardoe@scientificamerican.com,United States
16,Callie,d'Arcy,cdarcyf@people.com.cn,United States
17,Demetri,Bridgwater,dbridgwaterg@youku.com,United States
18,Richard,Drinan,rdrinanh@odnoklassniki.ru,United Kingdom
19,Benjie,Stuttman,bstuttmani@cpanel.net,United States
20,Claresta,Martinetto,cmartinettoj@mapy.cz,France
21,Anson,Gheeraert,agheeraertk@chicagotribune.com,France
22,Bord,Carlet,bcarletl@symantec.com,United States
23,Manya,Considine,mconsidinem@smugmug.com,France
24,Davine,Kos,dkosn@t.co,France
25,Anna,Royste,aroysteo@marriott.com,France
26,Janene,Van Zon,jvanzonp@nhs.uk,France
27,Ardene,Pay,apayq@netlog.com,United States
28,Renault,Smullin,rsmullinr@canalblog.com,France
29,Evanne,Poulsen,epoulsens@yellowbook.com,United States
30,Nanon,Benedtti,nbenedttit@berkeley.edu,United States
31,Martin,Cuthbertson,mcuthbertsonu@drupal.org,United States
32,Wallis,Bamford,wbamfordv@t-online.de,United Kingdom
33,Saundra,Westall,swestallw@blinklist.com,United Kingdom
34,Ewart,Rosengren,erosengrenx@usatoday.com,United Kingdom
35,Knox,Glossop,kglossopy@google.pl,United States
36,Daniel,Buckthorp,dbuckthorpz@tmall.com,Netherlands
37,Gwyneth,Diamant,gdiamant10@nhs.uk,France
38,Bernete,Asken,basken11@wp.com,France
39,Imogene,Mascall,imascall12@networkadvertising.org,United States
40,Ray,MacCrackan,rmaccrackan13@google.co.jp,United States
41,Travis,Gonsalvez,tgonsalvez14@wunderground.com,United States
42,Kendall,Imloch,kimloch15@ifeng.com,United States
43,Anabella,Farmery,afarmery16@sakura.ne.jp,France
44,Toddie,Newman,tnewman17@tuttocitta.it,United States
45,Read,Hemms,rhemms18@sina.com.cn,France
46,Waverly,Obington,wobington19@miitbeian.gov.cn,France
47,Adara,Grigolashvill,agrigolashvill1a@altervista.org,France
48,Hale,Paulitschke,hpaulitschke1b@ihg.com,France
49,Moore,Blindermann,mblindermann1c@time.com,France
50,Filberte,Pie,fpie1d@walmart.com,France
51,Kamillah,Blondell,kblondell1e@printfriendly.com,France
52,Eloise,Ivain,eivain1f@soundcloud.com,France
53,Gabbie,Staning,gstaning1g@wisc.edu,United States
54,Carmine,Skule,cskule1h@samsung.com,France
55,Augustine,Morshead,amorshead1i@so-net.ne.jp,France
56,Benji,Trees,btrees1j@mayoclinic.com,France
57,Mathias,Hackney,mhackney1k@telegraph.co.uk,France
58,Gradeigh,Gulleford,ggulleford1l@hatena.ne.jp,United States
59,Alic,Shinner,ashinner1m@boston.com,United States
60,Karon,Tipens,ktipens1n@auda.org.au,France
61,George,Barczewski,gbarczewski1o@bbc.co.uk,United States
62,Boyd,Barham,bbarham1p@wisc.edu,Netherlands
63,Noam,Massey,nmassey1q@xinhuanet.com,France
64,Norbert,Cusworth,ncusworth1r@ebay.com,France
65,Dylan,Beecker,dbeecker1s@tinypic.com,France
66,Sherline,Manuele,smanuele1t@ucsd.edu,France
67,Lorry,Beavors,lbeavors1u@technorati.com,United Kingdom
68,Norbie,Camel,ncamel1v@devhub.com,France
69,Bibi,Levay,blevay1w@msu.edu,France
70,Freedman,Dresse,fdresse1x@bloglines.com,United Kingdom
71,Denys,Plumbley,dplumbley1y@diigo.com,United States
72,Aldo,Billingsly,abillingsly1z@usgs.gov,United States
73,Simone,Nurcombe,snurcombe20@posterous.com,United States
74,Ingrid,Ayshford,iayshford21@cpanel.net,France
75,Brina,Lethcoe,blethcoe22@fema.gov,United States
76,Reginald,Guyonneau,rguyonneau23@biglobe.ne.jp,France
77,Stephan,Peet,speet24@discovery.com,United States
78,Vilhelmina,Seligson,vseligson25@livejournal.com,United States
79,Derk,Steinson,dsteinson26@xrea.com,France
80,Collette,Lummis,clummis27@ucla.edu,France
81,Quintina,Beaumont,qbeaumont28@ft.com,France
82,Nahum,Blumire,nblumire29@cargocollective.com,France
83,Ivar,Tippett,itippett2a@desdev.cn,France
84,Maryjo,Braams,mbraams2b@bing.com,United States
85,Jeannie,Hazeldene,jhazeldene2c@sphinn.com,France
86,Alissa,Downie,adownie2d@globo.com,United States
87,Lexie,Iacovone,liacovone2e@house.gov,United States
88,Barnard,Vynehall,bvynehall2f@eventbrite.com,United States
89,Rutherford,Tommasi,rtommasi2g@google.ru,France
90,Gwenore,Bakes,gbakes2h@shutterfly.com,United States
91,Audy,Eplate,aeplate2i@webeden.co.uk,United Kingdom
92,Tish,Terron,tterron2j@mail.ru,France
93,Winonah,Emmanueli,wemmanueli2k@ask.com,France
94,Stephenie,Castelain,scastelain2l@slashdot.org,United States
95,Gwendolyn,Youens,gyouens2m@360.cn,France
96,Joey,Erbain,jerbain2n@bbc.co.uk,France
97,Aurilia,Ruggles,aruggles2o@people.com.cn,France
98,Erik,Laybourn,elaybourn2p@github.com,France
99,Jo-ann,Duigenan,jduigenan2q@purevolume.com,United States
100,Dinah,Myatt,dmyatt2r@utexas.edu,United States
101,Ephrem,Bohlje,ebohlje2s@jigsy.com,France
102,Gipsy,Bowcher,gbowcher2t@mail.ru,France
103,Rebecka,Flaherty,rflaherty2u@livejournal.com,United States
104,Holly-anne,Ostler,hostler2v@aboutads.info,France
105,Lacie,Infante,linfante2w@telegraph.co.uk,Netherlands
106,Vassili,McGinnell,vmcginnell2x@newsvine.com,United States
107,Carmen,Craine,ccraine2y@ca.gov,France
108,Rhianna,Partkya,rpartkya2z@cdc.gov,Netherlands
109,Marnia,Dory,mdory30@uiuc.edu,Netherlands
110,Rhody,Swindle,rswindle31@tmall.com,Netherlands
111,Marchelle,Bentame,mbentame32@zdnet.com,France
112,Annemarie,Jaeggi,ajaeggi33@imdb.com,France
113,Rorie,Ragbourn,rragbourn34@vinaora.com,United States
114,Stephenie,O'Loghlen,sologhlen35@netscape.com,United States
115,Gabriel,Brawson,gbrawson36@nationalgeographic.com,France
116,Bianca,Isham,bisham37@taobao.com,France
117,Horace,Litton,hlitton38@blog.com,United States
118,Corrina,Thombleson,cthombleson39@cloudflare.com,United States
119,Si,Fullicks,sfullicks3a@answers.com,United States
120,Leanor,Iorizzo,liorizzo3b@indiatimes.com,France
121,Gretchen,Aitcheson,gaitcheson3c@lycos.com,United States
122,Lindon,Willan,lwillan3d@bandcamp.com,France
123,Boyce,De la Eglise,bdelaeglise3e@pcworld.com,United States
124,Wyn,Darco,wdarco3f@geocities.com,Netherlands
125,Teddy,Ballston,tballston3g@uiuc.edu,United States
126,Merrel,Wilce,mwilce3h@wp.com,United States
127,Lucinda,Peare,lpeare3i@nature.com,France
128,Vito,Napthine,vnapthine3j@ning.com,Netherlands
129,Jada,Petkens,jpetkens3k@slideshare.net,United States
130,Hyacinthe,Jenkins,hjenkins3l@forbes.com,United States
131,Kenyon,Enrigo,kenrigo3m@comcast.net,France
132,Kristyn,Piotr,kpiotr3n@rediff.com,United States
133,Bessy,Halladey,bhalladey3o@blogger.com,United States
134,Jamesy,Beinke,jbeinke3p@youku.com,France
135,Valenka,Jankowski,vjankowski3q@wp.com,France
136,Bellina,Dabels,bdabels3r@feedburner.com,France
137,Sallyann,Dukes,sdukes3s@github.com,United States
138,Charmion,Casserly,ccasserly3t@zimbio.com,United States
139,Daryl,Bonavia,dbonavia3u@java.com,United States
140,Aaron,Palle,apalle3v@tripadvisor.com,France
141,Jae,Conahy,jconahy3w@fastcompany.com,France
142,Gerladina,Netti,gnetti3x@cmu.edu,France
143,Daisi,Errowe,derrowe3y@php.net,United States
144,Ario,Baldwin,abaldwin3z@gizmodo.com,France
145,Tatum,Kores,tkores40@omniture.com,United States
146,Vonnie,Beange,vbeange41@mysql.com,France
147,Orella,Fochs,ofochs42@unblog.fr,United States
148,Carmon,Pull,cpull43@cam.ac.uk,France
149,Elenore,Fick,efick44@tumblr.com,France
150,Lesli,Koenen,lkoenen45@merriam-webster.com,United States
151,Kimmie,Pitford,kpitford46@rakuten.co.jp,France
152,Sayers,Hourigan,shourigan47@geocities.com,France
153,Desmund,Rosenstengel,drosenstengel48@soup.io,United States
154,Leupold,Batterson,lbatterson49@mashable.com,United States
155,Drona,MacFaell,dmacfaell4a@washington.edu,France
156,Kristen,Ellington,kellington4b@vimeo.com,France
157,Netti,Cattemull,ncattemull4c@vimeo.com,United States
158,Anthony,Skedge,askedge4d@patch.com,United States
159,Trisha,Schober,tschober4e@wp.com,United States
160,Patric,Dunlea,pdunlea4f@wiley.com,France
161,Loren,McArdle,lmcardle4g@newyorker.com,United States
162,Dirk,Pittoli,dpittoli4h@networkadvertising.org,United States
163,Dulci,Blackshaw,dblackshaw4i@livejournal.com,France
164,Harry,Petrolli,hpetrolli4j@comsenz.com,France
165,Hilda,Heinecke,hheinecke4k@altervista.org,Netherlands
166,Britt,Stronough,bstronough4l@howstuffworks.com,France
167,Nixie,Tatlowe,ntatlowe4m@github.io,United States
168,Vergil,Chrismas,vchrismas4n@free.fr,France
169,Katina,Cotman,kcotman4o@weibo.com,France
170,Georgeta,Boni,gboni4p@technorati.com,France
171,Legra,Mugg,lmugg4q@mac.com,France
172,Dulce,Yewdall,dyewdall4r@amazon.co.uk,France
173,Conroy,Hobell,chobell4s@bravesites.com,France
174,Cosimo,Salliss,csalliss4t@vinaora.com,France
175,Mychal,Damrel,mdamrel4u@gravatar.com,France
176,Hallsy,Melmar,hmelmar4v@nyu.edu,France
177,Alfredo,Wissbey,awissbey4w@geocities.jp,United Kingdom
178,Lorine,Arnaudet,larnaudet4x@businessinsider.com,France
179,Eulalie,Ferrarone,eferrarone4y@macromedia.com,United States
180,Rosemarie,Reggler,rreggler4z@google.es,United States
181,Ximenes,Klemz,xklemz50@ebay.co.uk,France
182,Hy,Moulding,hmoulding51@opera.com,France
183,Nita,Gehrels,ngehrels52@netvibes.com,United States
184,Stephanie,Van Der Weedenburg,svanderweedenburg53@angelfire.com,France
185,Lori,Shah,lshah54@addtoany.com,France
186,Arnie,Ivanisov,aivanisov55@ustream.tv,France
187,Courtnay,Caban,ccaban56@photobucket.com,United States
188,Gerta,O'Cassidy,gocassidy57@multiply.com,France
189,Eduard,Tsar,etsar58@ovh.net,Netherlands
190,Gayla,Ruttgers,gruttgers59@sogou.com,France
191,Finley,Bescoby,fbescoby5a@wikia.com,France
192,Morgan,Lamprecht,mlamprecht5b@chron.com,United States
193,Prince,Lettley,plettley5c@pcworld.com,France
194,Irena,Greated,igreated5d@live.com,Netherlands
195,Joseito,Ivakin,jivakin5e@cdbaby.com,France
196,Bertram,Maxworthy,bmaxworthy5f@dedecms.com,United States
197,Penrod,Volette,pvolette5g@ask.com,United Kingdom
198,Ruth,Manueau,rmanueau5h@prlog.org,United States
199,Ermanno,Surcombe,esurcombe5i@bigcartel.com,United Kingdom
200,Julianne,Ciobutaro,jciobutaro5j@blogspot.com,France
201,Olag,Memmory,omemmory5k@state.tx.us,United States
202,Giana,Jaquiss,gjaquiss5l@amazon.co.uk,France
203,Yves,Gidman,ygidman5m@mashable.com,France
204,Josselyn,Goves,jgoves5n@state.tx.us,France
205,Philippa,Wethered,pwethered5o@naver.com,France
206,Kaspar,Marcinkus,kmarcinkus5p@wikipedia.org,France
207,Venita,Ayrton,vayrton5q@nasa.gov,France
208,Perice,Filinkov,pfilinkov5r@techcrunch.com,France
209,Andriette,Thurlbeck,athurlbeck5s@cloudflare.com,France
210,Kaile,Langton,klangton5t@youtu.be,France
211,Libbey,Havick,lhavick5u@cocolog-nifty.com,France
212,Jaquelyn,Deetlof,jdeetlof5v@free.fr,United States
213,Aldis,Martinon,amartinon5w@slate.com,France
214,Hasty,Maides,hmaides5x@google.cn,United States
215,Nathalia,Gliddon,ngliddon5y@hhs.gov,United States
216,Gherardo,Carstairs,gcarstairs5z@e-recht24.de,United States
217,Ellswerth,Kenset,ekenset60@ehow.com,United States
218,Camala,Lawranson,clawranson61@usa.gov,United States
219,Domenico,Quince,dquince62@list-manage.com,United States
220,Aron,Dowsing,adowsing63@mail.ru,United States
221,Janella,Mairs,jmairs64@deliciousdays.com,France
222,Nadean,Petrazzi,npetrazzi65@weebly.com,France
223,Karim,Ditzel,kditzel66@de.vu,United States
224,Lilias,Drever,ldrever67@livejournal.com,United States
225,Phillipe,Sturzaker,psturzaker68@un.org,France
226,Barth,Kielty,bkielty69@google.it,United States
227,Christoph,Wraggs,cwraggs6a@instagram.com,United States
228,Leonie,Barling,lbarling6b@weibo.com,France
229,Iggie,Stichel,istichel6c@networksolutions.com,United States
230,Edwina,Leyson,eleyson6d@1688.com,United States
231,Odo,Gounin,ogounin6e@reuters.com,United States
232,Alexandra,Goulder,agoulder6f@dropbox.com,France
233,Crystie,Roles,croles6g@house.gov,United States
234,Reinhold,Latore,rlatore6h@stumbleupon.com,United States
235,Rudolph,Von Hindenburg,rvonhindenburg6i@eepurl.com,France
236,Angie,Ballchin,aballchin6j@canalblog.com,France
237,Ignace,Caccavella,icaccavella6k@noaa.gov,France
238,Seline,Keates,skeates6l@discovery.com,United States
239,Hollyanne,Golley,hgolley6m@nydailynews.com,Netherlands
240,Roldan,Bownd,rbownd6n@hostgator.com,United States
241,Mickey,Santon,msanton6o@posterous.com,France
242,Alena,Cosbey,acosbey6p@wix.com,United States
243,Marin,Howey,mhowey6q@mapy.cz,France
244,Vladamir,Misson,vmisson6r@arstechnica.com,United States
245,Elisha,Schonfelder,eschonfelder6s@ifeng.com,France
246,Loella,Cornehl,lcornehl6t@wikia.com,France
247,Grantham,Trowsdale,gtrowsdale6u@histats.com,France
248,Mattie,Brewer,mbrewer6v@facebook.com,Netherlands
249,Bruce,Biglin,bbiglin6w@blogger.com,United States
250,Caye,Jerrolt,cjerrolt6x@gnu.org,United States
251,Burl,MacDearmid,bmacdearmid6y@php.net,United States
252,Agnola,Reeder,areeder6z@discovery.com,France
253,Dorita,Founds,dfounds70@slideshare.net,United States
254,Corette,Venart,cvenart71@springer.com,France
255,Janie,Knowler,jknowler72@nba.com,Netherlands
256,Laird,Saul,lsaul73@ox.ac.uk,France
257,Karen,Silverman,ksilverman74@blinklist.com,France
258,Tad,Swindin,tswindin75@patch.com,France
259,Rochester,Musla,rmusla76@nps.gov,United States
260,Lavinia,Osment,losment77@homestead.com,United States
261,Shawna,Foux,sfoux78@nytimes.com,United States
262,Calv,Gounard,cgounard79@storify.com,France
263,Garv,Arblaster,garblaster7a@tripod.com,France
264,Gayle,Takis,gtakis7b@si.edu,United States
265,Letisha,Angrock,langrock7c@ucoz.ru,United States
266,Cass,Milbourn,cmilbourn7d@hostgator.com,France
267,Oona,Branche,obranche7e@pagesperso-orange.fr,United States
268,Aguste,Geistmann,ageistmann7f@godaddy.com,France
269,Nicoli,Munroe,nmunroe7g@samsung.com,France
270,Syd,Licquorish,slicquorish7h@bloomberg.com,France
271,Aleen,Cockarill,acockarill7i@japanpost.jp,United States
272,Gabi,Murdoch,gmurdoch7j@yellowbook.com,France
273,Gerhard,Raunds,graunds7k@wufoo.com,France
274,Jeanine,Wasylkiewicz,jwasylkiewicz7l@cmu.edu,France
275,Allis,Wetton,awetton7m@jugem.jp,France
276,Ara,Ballham,aballham7n@storify.com,France
277,Jamil,Rabbatts,jrabbatts7o@springer.com,France
278,Llewellyn,Brannan,lbrannan7p@europa.eu,France
279,Tine,Greenhead,tgreenhead7q@forbes.com,France
280,Faun,Torrance,ftorrance7r@bravesites.com,United States
281,Rubia,Romaint,rromaint7s@4shared.com,United States
282,Terri,Keeler,tkeeler7t@imageshack.us,France
283,Jenelle,Sheffield,jsheffield7u@java.com,France
284,Madonna,Bligh,mbligh7v@histats.com,France
285,Rolf,Tretter,rtretter7w@businesswire.com,United States
286,Baily,Landsborough,blandsborough7x@artisteer.com,France
287,Celie,Blackaller,cblackaller7y@oracle.com,France
288,Evan,Lalevee,elalevee7z@auda.org.au,United States
289,Delphine,Knobell,dknobell80@comsenz.com,France
290,Chuck,Stelfax,cstelfax81@dyndns.org,France
291,Delia,Leyfield,dleyfield82@uol.com.br,France
292,Niccolo,Foister,nfoister83@auda.org.au,France
293,Lia,Ropartz,lropartz84@meetup.com,Netherlands
294,Lindie,MacAskie,lmacaskie85@sina.com.cn,United Kingdom
295,Crysta,Hedaux,chedaux86@cpanel.net,United States
296,Hermia,Mc Pake,hmcpake87@bravesites.com,Netherlands
297,Cynthie,Seebert,cseebert88@ihg.com,United States
298,Jayson,Selland,jselland89@bloglovin.com,United States
299,Ced,Antunez,cantunez8a@booking.com,Netherlands
300,Kalvin,Angove,kangove8b@rediff.com,France
301,Dulsea,McWilliams,dmcwilliams8c@symantec.com,France
302,Fons,Dundredge,fdundredge8d@usnews.com,United States
303,Lazare,Wetter,lwetter8e@tmall.com,France
304,Henryetta,Purkis,hpurkis8f@unblog.fr,United States
305,Robbin,Phelan,rphelan8g@imageshack.us,United States
306,Onfre,Hyder,ohyder8h@fastcompany.com,United States
307,Kevin,Livingstone,klivingstone8i@spiegel.de,France
308,Cynde,Kirwin,ckirwin8j@jiathis.com,United States
309,Yard,Werrett,ywerrett8k@bizjournals.com,France
310,Porty,McGilvra,pmcgilvra8l@google.pl,France
311,Witty,Whenham,wwhenham8m@woothemes.com,United States
312,Raoul,Ffrench,rffrench8n@walmart.com,United States
313,Gusty,Sunner,gsunner8o@weather.com,United States
314,Karilynn,Shedd,kshedd8p@blogtalkradio.com,France
315,Jaymie,Jenking,jjenking8q@instagram.com,France
316,Meade,Ivermee,mivermee8r@printfriendly.com,France
317,Bone,Longden,blongden8s@de.vu,United States
318,Ransom,Sannes,rsannes8t@tumblr.com,France
319,Leanna,Haxby,lhaxby8u@europa.eu,France
320,Hadria,McFade,hmcfade8v@addtoany.com,France
321,Lucila,Govini,lgovini8w@theguardian.com,France
322,Nannette,McCory,nmccory8x@diigo.com,United States
323,Vivi,Pitbladdo,vpitbladdo8y@merriam-webster.com,United States
324,Binni,McPharlain,bmcpharlain8z@infoseek.co.jp,United States
325,Stanislaw,Gomersall,sgomersall90@nymag.com,United States
326,Carlye,Alred,calred91@ted.com,Netherlands
327,Mercy,Wilber,mwilber92@samsung.com,France
328,Aymer,Goncaves,agoncaves93@oakley.com,United States
329,Morna,Nurny,mnurny94@wikia.com,United Kingdom
330,Denice,Mahony,dmahony95@sohu.com,United States
331,Bili,Guyet,bguyet96@tinypic.com,France
332,Valentino,Mandrake,vmandrake97@ihg.com,United States
333,Anissa,Needham,aneedham98@unesco.org,France
334,Wallace,MacCheyne,wmaccheyne99@cmu.edu,United States
335,Dell,Millen,dmillen9a@4shared.com,France
336,Jessey,Winnett,jwinnett9b@narod.ru,France
337,Toma,McKinie,tmckinie9c@edublogs.org,France
338,Gilberto,Dalbey,gdalbey9d@tiny.cc,United States
339,Ashlen,Rosenblum,arosenblum9e@blogspot.com,France
340,Philippa,Chipp,pchipp9f@ehow.com,United States
341,Elisabeth,Gallaher,egallaher9g@51.la,United States
342,Gayleen,Bartholomieu,gbartholomieu9h@barnesandnoble.com,United States
343,Jeannette,Norley,jnorley9i@ning.com,France
344,Daryl,Pickaver,dpickaver9j@jiathis.com,France
345,Thedric,Costen,tcosten9k@unc.edu,United Kingdom
346,Desiri,Skough,dskough9l@imgur.com,United States
347,Kaiser,Peacop,kpeacop9m@sbwire.com,France
348,Kathryn,Schumacher,kschumacher9n@domainmarket.com,United States
349,Jacinda,Colborn,jcolborn9o@usatoday.com,United States
350,Katee,Bakey,kbakey9p@cargocollective.com,France
351,Frank,Thrussell,fthrussell9q@prlog.org,France
352,Jamill,Goolden,jgoolden9r@sourceforge.net,France
353,Tad,Darton,tdarton9s@t.co,United States
354,Willow,Ochterlonie,wochterlonie9t@ebay.com,Netherlands
355,Constantine,Teese,cteese9u@economist.com,United States
356,Corella,Elstob,celstob9v@ehow.com,France
357,Chrissie,Malser,cmalser9w@businessinsider.com,France
358,Jessi,Ivie,jivie9x@google.com.br,France
359,Correy,Akehurst,cakehurst9y@example.com,France
360,Blair,De Beauchemp,bdebeauchemp9z@imageshack.us,Netherlands
361,Hilde,Jay,hjaya0@icq.com,France
362,Michaella,Kettridge,mkettridgea1@npr.org,France
363,Ulick,Glandon,uglandona2@typepad.com,France
364,Herve,Woodruff,hwoodruffa3@1und1.de,France
365,Stefano,Duesbury,sduesburya4@admin.ch,United States
366,Wylma,Lidell,wlidella5@harvard.edu,France
367,Marlow,Maghull,mmaghulla6@dmoz.org,Netherlands
368,Camilla,Braga,cbragaa7@thetimes.co.uk,France
369,Alfy,Heatley,aheatleya8@pen.io,United States
370,Elinore,Trinbey,etrinbeya9@homestead.com,France
371,Merrili,Burdon,mburdonaa@infoseek.co.jp,France
372,Bourke,Glennard,bglennardab@amazon.com,France
373,Abigael,Dedam,adedamac@arizona.edu,United States
374,Laurena,Teaze,lteazead@house.gov,France
375,Noll,Navarre,nnavarreae@weibo.com,France
376,Harley,Bernardez,hbernardezaf@purevolume.com,France
377,Che,Lessmare,clessmareag@myspace.com,United States
378,Renault,Monsey,rmonseyah@cbslocal.com,France
379,Thurston,Jahnel,tjahnelai@bbb.org,Netherlands
380,Blair,Patise,bpatiseaj@umn.edu,United States
381,Erin,Barttrum,ebarttrumak@livejournal.com,United States
382,Reggis,Bosnell,rbosnellal@imageshack.us,United States
383,Thatch,Stocker,tstockeram@google.ru,United States
384,Gertruda,Kneeshaw,gkneeshawan@army.mil,France
385,Maria,Leavry,mleavryao@nsw.gov.au,France
386,Isaak,Phillins,iphillinsap@live.com,United States
387,Bev,Giacomini,bgiacominiaq@rediff.com,United States
388,Lucie,Larway,llarwayar@xrea.com,France
389,Jarret,Chace,jchaceas@google.pl,France
390,Latashia,Blyde,lblydeat@senate.gov,United Kingdom
391,Chrotoem,Hawk,chawkau@icq.com,France
392,Jenny,Farren,jfarrenav@seattletimes.com,United States
393,Nell,McBeath,nmcbeathaw@naver.com,United States
394,Whittaker,Bignell,wbignellax@cpanel.net,France
395,Constantia,Dongall,cdongallay@usatoday.com,United States
396,Rosalie,Edgecombe,redgecombeaz@google.ru,United States
397,Adrian,Sebley,asebleyb0@blogtalkradio.com,France
398,Den,Larrie,dlarrieb1@flickr.com,France
399,Ranice,Premble,rprembleb2@toplist.cz,France
400,Catharine,Romeo,cromeob3@biblegateway.com,France
401,Hettie,Harford,hharfordb4@dailymotion.com,France
402,Aaron,Witham,awithamb5@ebay.co.uk,United States
403,Orlando,McGrey,omcgreyb6@youtu.be,United States
404,Corey,Mathely,cmathelyb7@delicious.com,United States
405,Phip,Mityakov,pmityakovb8@purevolume.com,United States
406,Jeffy,Whitbread,jwhitbreadb9@accuweather.com,Netherlands
407,Perice,Dugald,pdugaldba@prnewswire.com,France
408,Cord,Kebell,ckebellbb@google.ru,United States
409,Garrek,Brumby,gbrumbybc@yolasite.com,France
410,Emili,Collyear,ecollyearbd@typepad.com,France
411,Kahaleel,Malitrott,kmalitrottbe@joomla.org,United States
412,Lara,Rushford,lrushfordbf@nytimes.com,France
413,Eb,Messent,emessentbg@t.co,United States
414,Jessalin,Gammons,jgammonsbh@goo.ne.jp,United Kingdom
415,Stu,Tritton,strittonbi@livejournal.com,France
416,Kermie,Arch,karchbj@so-net.ne.jp,France
417,Egbert,Farnaby,efarnabybk@cmu.edu,United States
418,Brit,Arnley,barnleybl@blogspot.com,France
419,Berti,Grishanov,bgrishanovbm@arstechnica.com,United States
420,Gavrielle,Leil,gleilbn@cnn.com,France
421,Bette-ann,Maxweell,bmaxweellbo@uiuc.edu,France
422,Antonella,McClifferty,amccliffertybp@histats.com,France
423,Lenard,Downs,ldownsbq@ftc.gov,France
424,Cissy,Duprey,cdupreybr@walmart.com,United States
425,Orelee,Getley,ogetleybs@fc2.com,United States
426,Itch,Ianne,iiannebt@etsy.com,France
427,Barbabas,Mordon,bmordonbu@telegraph.co.uk,France
428,Marilee,Mallord,mmallordbv@yellowpages.com,United States
429,Correy,McPaik,cmcpaikbw@wikispaces.com,France
430,Arabela,Riccardo,ariccardobx@surveymonkey.com,United States
431,Alisha,Orae,aoraeby@psu.edu,United States
432,Prince,Micheau,pmicheaubz@goo.ne.jp,United States
433,Yuri,Haibel,yhaibelc0@sphinn.com,United States
434,Jedidiah,Elt,jeltc1@seattletimes.com,France
435,Dina,Haddow,dhaddowc2@lycos.com,United States
436,Pamella,O'Mannion,pomannionc3@yandex.ru,Netherlands
437,Derk,Riordan,driordanc4@diigo.com,United States
438,Malena,Dovey,mdoveyc5@joomla.org,United States
439,Linnell,Spradbrow,lspradbrowc6@friendfeed.com,United States
440,Dasya,Norcliffe,dnorcliffec7@arizona.edu,France
441,Holden,Rivett,hrivettc8@e-recht24.de,France
442,Denni,Leeburn,dleeburnc9@biblegateway.com,United States
443,Bobbye,Boughton,bboughtonca@discovery.com,France
444,Benji,Domonkos,bdomonkoscb@reddit.com,United States
445,Alfy,Davidge,adavidgecc@usgs.gov,United States
446,Myrwyn,Klemensiewicz,mklemensiewiczcd@friendfeed.com,United States
447,Liv,Grabiec,lgrabiecce@icio.us,United States
448,Issie,Elsom,ielsomcf@patch.com,France
449,Beatriz,Kenrat,bkenratcg@google.es,France
450,Arte,Warrington,awarringtonch@sogou.com,Netherlands
451,Lyndsey,Godley,lgodleyci@cornell.edu,United States
452,Noah,Rayburn,nrayburncj@who.int,France
453,Penny,Sinkings,psinkingsck@hexun.com,France
454,Shirl,Rozea,srozeacl@ft.com,France
455,Dannie,Weinham,dweinhamcm@nbcnews.com,France
456,Suki,Tite,stitecn@newyorker.com,France
457,Donovan,Chaundy,dchaundyco@wordpress.org,France
458,Douglass,Lapides,dlapidescp@topsy.com,United States
459,Ara,Vedenisov,avedenisovcq@homestead.com,France
460,Roxane,Evett,revettcr@bizjournals.com,France
461,Ella,Brokenshaw,ebrokenshawcs@google.nl,United States
462,Neddie,FitzAlan,nfitzalanct@japanpost.jp,Netherlands
463,Sayre,Iaduccelli,siaduccellicu@nifty.com,France
464,Bari,Mullan,bmullancv@blogger.com,France
465,Morie,Glew,mglewcw@harvard.edu,France
466,Jo ann,Kingsnorth,jkingsnorthcx@xrea.com,France
467,Adelaida,Anderer,aanderercy@ameblo.jp,Netherlands
468,Murdock,Cooch,mcoochcz@berkeley.edu,France
469,Giovanna,Townsley,gtownsleyd0@usda.gov,United States
470,Orv,Reedman,oreedmand1@elegantthemes.com,United States
471,Nomi,Goodie,ngoodied2@ted.com,France
472,Gale,Blissitt,gblissittd3@oracle.com,France
473,Cordie,Sutlieff,csutlieffd4@dmoz.org,France
474,Roze,Crilley,rcrilleyd5@ehow.com,France
475,Ewan,Llop,ellopd6@miibeian.gov.cn,France
476,Maryanna,Strewthers,mstrewthersd7@boston.com,France
477,Kelcey,Elston,kelstond8@earthlink.net,France
478,Obediah,Botterill,obotterilld9@zdnet.com,United States
479,Dinny,Yanez,dyanezda@163.com,United States
480,Kevon,Mariner,kmarinerdb@craigslist.org,France
481,Richy,Rizzetti,rrizzettidc@nature.com,France
482,Vevay,Claris,vclarisdd@aol.com,United Kingdom
483,Luelle,Cankett,lcankettde@senate.gov,United States
484,Siegfried,Crang,scrangdf@hao123.com,France
485,Conchita,Frantzen,cfrantzendg@1688.com,France
486,Hamish,Pech,hpechdh@blogs.com,Netherlands
487,Helga,Brehat,hbrehatdi@e-recht24.de,United States
488,Josephina,Draxford,jdraxforddj@bbb.org,United States
489,Smith,Finneran,sfinnerandk@dropbox.com,United States
490,Luce,Thorn,lthorndl@mtv.com,France
491,Tracey,Tames,ttamesdm@quantcast.com,United States
492,Dallas,Antwis,dantwisdn@dagondesign.com,United States
493,Hugibert,Kimblen,hkimblendo@rakuten.co.jp,United States
494,Valencia,Cossum,vcossumdp@dailymotion.com,United States
495,Herc,Burgwyn,hburgwyndq@reddit.com,France
496,Ian,Sheran,isherandr@msu.edu,France
497,Dyana,Merrywether,dmerrywetherds@xrea.com,United States
498,Mordy,Wolsey,mwolseydt@bloomberg.com,France
499,Joelle,Rowney,jrowneydu@uol.com.br,France
500,Binny,Beake,bbeakedv@facebook.com,France
501,Ingelbert,Chatterton,ichattertondw@rakuten.co.jp,United States
502,Willow,Krzysztof,wkrzysztofdx@unblog.fr,United States
503,Layton,Menichi,lmenichidy@hexun.com,France
504,Mirilla,Spollen,mspollendz@fema.gov,United States
505,Gladi,Knoller,gknollere0@intel.com,France
506,Rowe,Elrick,relricke1@globo.com,United States
507,Karlens,Aberkirder,kaberkirdere2@over-blog.com,France
508,Cecilio,Saltsberger,csaltsbergere3@netlog.com,United Kingdom
509,Melina,Deesly,mdeeslye4@marriott.com,United States
510,Efren,Skeggs,eskeggse5@blinklist.com,United States
511,Winnie,Benediktsson,wbenediktssone6@wiley.com,United States
512,Darryl,Albery,dalberye7@si.edu,United States
513,Fielding,Ciccerale,fcicceralee8@vk.com,Netherlands
514,Margalit,Elie,meliee9@angelfire.com,Netherlands
515,Terrance,Garlinge,tgarlingeea@constantcontact.com,United States
516,Perceval,Broomhall,pbroomhalleb@google.co.jp,France
517,Wenda,Rohlfs,wrohlfsec@behance.net,France
518,Maggie,Grinstead,mgrinsteaded@istockphoto.com,France
519,Robbin,Arkil,rarkilee@dagondesign.com,France
520,Eleanora,Mardoll,emardollef@businessinsider.com,France
521,Horatio,Dumphreys,hdumphreyseg@ucoz.ru,France
522,Cindelyn,Caesman,ccaesmaneh@yolasite.com,France
523,Brunhilde,Peasey,bpeaseyei@ox.ac.uk,United States
524,Colette,Riha,crihaej@wikispaces.com,France
525,Flory,Strongitharm,fstrongitharmek@npr.org,United States
526,Maryanna,Tyrer,mtyrerel@merriam-webster.com,France
527,Orran,Horley,ohorleyem@sina.com.cn,France
528,Jud,Fullalove,jfullaloveen@t-online.de,United States
529,Chucho,Hardiker,chardikereo@posterous.com,Netherlands
530,Rowan,Splevins,rsplevinsep@cornell.edu,United States
531,Karlotta,Gatman,kgatmaneq@acquirethisname.com,France
532,Leodora,de Broke,ldebrokeer@goo.gl,France
533,Valma,Littell,vlittelles@ebay.com,United States
534,Camille,Gullyes,cgullyeset@com.com,France
535,Wallie,Starford,wstarfordeu@wisc.edu,France
536,Ezequiel,Wickendon,ewickendonev@about.me,France
537,Phip,Donat,pdonatew@1und1.de,France
538,Cora,Boldt,cboldtex@go.com,France
539,Welby,Earney,wearneyey@mysql.com,United States
540,Branden,Kensit,bkensitez@skyrock.com,France
541,Artemas,Walasik,awalasikf0@imgur.com,France
542,Theda,Fynn,tfynnf1@rediff.com,France
543,Dix,Attack,dattackf2@google.ru,France
544,Inna,Zealander,izealanderf3@dyndns.org,France
545,Nat,Maccree,nmaccreef4@jugem.jp,United States
546,Stanford,Agass,sagassf5@narod.ru,France
547,Halsey,Dedenham,hdedenhamf6@usda.gov,France
548,Lissy,Featherstonehaugh,lfeatherstonehaughf7@dagondesign.com,United Kingdom
549,Noland,Mulvy,nmulvyf8@discuz.net,United States
550,Teri,Denizet,tdenizetf9@slashdot.org,United States
551,Patti,Wanless,pwanlessfa@disqus.com,United States
552,Lauraine,Diggin,ldigginfb@bloglines.com,United States
553,Yoko,Boribal,yboribalfc@hp.com,France
554,Ethelind,Tuxwell,etuxwellfd@facebook.com,France
555,Lanie,Abrams,labramsfe@baidu.com,United States
556,Sigismondo,Martinho,smartinhoff@dell.com,United States
557,Christoper,Diprose,cdiprosefg@trellian.com,France
558,Annecorinne,Alforde,aalfordefh@patch.com,United States
559,Gustaf,Pellant,gpellantfi@hhs.gov,United States
560,Gayle,Wolford,gwolfordfj@dion.ne.jp,France
561,Leta,Gilardengo,lgilardengofk@ehow.com,France
562,Dicky,Broadstock,dbroadstockfl@kickstarter.com,United States
563,Marlie,Bullin,mbullinfm@prweb.com,United States
564,Glyn,Darbey,gdarbeyfn@deliciousdays.com,United States
565,Bethena,McCoughan,bmccoughanfo@github.com,United States
566,Jae,Diloway,jdilowayfp@amazonaws.com,France
567,Bernardo,Chuney,bchuneyfq@psu.edu,France
568,Eustace,Heppenspall,eheppenspallfr@cbc.ca,United States
569,Caryl,Janoch,cjanochfs@twitpic.com,France
570,Issiah,Isabell,iisabellft@sogou.com,France
571,Garald,Lacy,glacyfu@people.com.cn,United States
572,Garek,Brooker,gbrookerfv@cargocollective.com,United States
573,Tanhya,Cornuau,tcornuaufw@virginia.edu,France
574,Wang,Gershom,wgershomfx@delicious.com,United States
575,Jordain,Martugin,jmartuginfy@amazon.co.jp,United States
576,Fielding,Krabbe,fkrabbefz@unicef.org,France
577,Carolee,Colquete,ccolqueteg0@jiathis.com,Netherlands
578,Denys,Shervil,dshervilg1@springer.com,France
579,Alejandra,Capstack,acapstackg2@istockphoto.com,France
580,Sheppard,Woosnam,swoosnamg3@list-manage.com,France
581,Fay,Filyaev,ffilyaevg4@g.co,France
582,Loralyn,Sneezum,lsneezumg5@virginia.edu,United Kingdom
583,Syman,Abramcik,sabramcikg6@netscape.com,United States
584,Gladys,Basford,gbasfordg7@hhs.gov,France
585,Vivie,Seely,vseelyg8@feedburner.com,United States
586,Carmina,Blackall,cblackallg9@feedburner.com,United States
587,Lorianna,Burthom,lburthomga@statcounter.com,United States
588,Kendal,Maddern,kmadderngb@jimdo.com,France
589,Phillida,Pittendreigh,ppittendreighgc@springer.com,France
590,Kristian,Tallman,ktallmangd@scientificamerican.com,United States
591,Berny,Thebes,bthebesge@t.co,France
592,Yoko,Downing,ydowninggf@moonfruit.com,United States
593,Ammamaria,Callington,acallingtongg@wp.com,France
594,Zorine,Greenshiels,zgreenshielsgh@comcast.net,France
595,Anton,Loutheane,aloutheanegi@bluehost.com,France
596,Amy,Dalla,adallagj@lycos.com,France
597,Simone,Amys,samysgk@cbsnews.com,France
598,Maureen,Purselow,mpurselowgl@myspace.com,France
599,Zeb,O'Doogan,zodoogangm@last.fm,France
600,Baudoin,Serman,bsermangn@bloglovin.com,United States
601,Poul,Kyncl,pkynclgo@miibeian.gov.cn,United Kingdom
602,Bourke,Metherell,bmetherellgp@sakura.ne.jp,United States
603,Hubert,Gouny,hgounygq@miibeian.gov.cn,United States
604,Ravi,Keenor,rkeenorgr@lycos.com,France
605,Kearney,Cahen,kcahengs@bloglines.com,Netherlands
606,Michaella,Woodhall,mwoodhallgt@4shared.com,France
607,Dorette,Pawellek,dpawellekgu@topsy.com,France
608,Valentino,Camolli,vcamolligv@bigcartel.com,United States
609,Emmalyn,Hinrichs,ehinrichsgw@house.gov,France
610,Langsdon,Willshaw,lwillshawgx@shareasale.com,France
611,Addie,Passler,apasslergy@feedburner.com,France
612,Maximo,O'Concannon,moconcannongz@edublogs.org,France
613,Claudie,Rounsefull,crounsefullh0@google.com.hk,France
614,Laney,Bousfield,lbousfieldh1@google.ca,France
615,Janos,Burridge,jburridgeh2@topsy.com,United States
616,Daveen,Gwilt,dgwilth3@mapquest.com,Netherlands
617,Simona,Fonso,sfonsoh4@google.de,United States
618,Joela,Bruhke,jbruhkeh5@jimdo.com,France
619,Rosana,Gerhold,rgerholdh6@google.com.br,United States
620,Mehetabel,O'Sherin,mosherinh7@amazon.de,France
621,Malissia,Hains,mhainsh8@parallels.com,Netherlands
622,Claudelle,Horder,chorderh9@twitpic.com,United States
623,Athena,Smorthit,asmorthitha@acquirethisname.com,France
624,Marmaduke,Ishaki,mishakihb@ftc.gov,United States
625,Weber,Housby,whousbyhc@cornell.edu,United States
626,Mollee,Faire,mfairehd@sourceforge.net,France
627,Emmaline,Daens,edaenshe@si.edu,United Kingdom
628,Claudia,Casseldine,ccasseldinehf@kickstarter.com,Netherlands
629,Flemming,Pierton,fpiertonhg@vk.com,France
630,Janene,Renowden,jrenowdenhh@e-recht24.de,United States
631,Angy,Regelous,aregeloushi@youtu.be,France
632,Robina,Lindhe,rlindhehj@wix.com,France
633,Salem,Hamfleet,shamfleethk@parallels.com,United States
634,Renate,Baguley,rbaguleyhl@prweb.com,France
635,George,Wadforth,gwadforthhm@simplemachines.org,France
636,Shela,Slater,sslaterhn@prnewswire.com,France
637,Calli,Pawnsford,cpawnsfordho@alexa.com,France
638,Findley,Muzzollo,fmuzzollohp@mlb.com,France
639,Otha,MacKaig,omackaighq@edublogs.org,France
640,Pippo,Woodlands,pwoodlandshr@cargocollective.com,France
641,Curcio,Rosier,crosierhs@bloglines.com,United States
642,Feliza,Shallcroff,fshallcroffht@slideshare.net,France
643,Pauly,English,penglishhu@google.com.hk,Netherlands
644,Nessa,Fetherstonhaugh,nfetherstonhaughhv@businessinsider.com,United States
645,Linn,Gilhool,lgilhoolhw@blogs.com,France
646,Doy,MacNeice,dmacneicehx@psu.edu,United States
647,Rriocard,Tebbett,rtebbetthy@forbes.com,United States
648,Kliment,Lydiard,klydiardhz@google.nl,France
649,Rafaello,Ropp,rroppi0@usnews.com,France
650,Ellery,Cisco,eciscoi1@mac.com,United States
651,Renelle,Barrat,rbarrati2@mediafire.com,United States
652,Hillier,Itzakovitz,hitzakovitzi3@ezinearticles.com,France
653,Rudie,Mulcock,rmulcocki4@youtube.com,United States
654,Sloane,Tran,strani5@hugedomains.com,United States
655,Elnar,Bremley,ebremleyi6@constantcontact.com,United States
656,Giralda,Shird,gshirdi7@baidu.com,Netherlands
657,Dniren,Fisher,dfisheri8@yahoo.com,France
658,Haydon,Belz,hbelzi9@walmart.com,France
659,Conroy,Illesley,cillesleyia@sina.com.cn,France
660,Lilla,Shreeve,lshreeveib@infoseek.co.jp,United States
661,Chelsae,Kingsnod,ckingsnodic@zdnet.com,France
662,Koren,Packwood,kpackwoodid@bloomberg.com,France
663,Juan,Neeves,jneevesie@unesco.org,United States
664,Bernadine,Hambribe,bhambribeif@dyndns.org,France
665,Rosaleen,Klamp,rklampig@mapquest.com,United Kingdom
666,Belvia,Deelay,bdeelayih@hc360.com,United States
667,Eilis,Stannas,estannasii@hatena.ne.jp,United States
668,Lyman,Swadden,lswaddenij@constantcontact.com,United States
669,Junette,Grono,jgronoik@china.com.cn,France
670,Annalise,Byron,abyronil@photobucket.com,France
671,Duane,Iacobacci,diacobacciim@reverbnation.com,United States
672,Yale,Guidera,yguiderain@pen.io,France
673,Orelee,Lages,olagesio@newsvine.com,France
674,Kin,Brik,kbrikip@nbcnews.com,United States
675,Giles,Sitlinton,gsitlintoniq@goodreads.com,France
676,Merilyn,Gorry,mgorryir@google.es,France
677,Hi,Lindholm,hlindholmis@nba.com,United States
678,Teresa,Strangward,tstrangwardit@nih.gov,United States
679,Enrica,Prawle,eprawleiu@sakura.ne.jp,France
680,Major,Gilham,mgilhamiv@icio.us,France
681,Anna,Gun,aguniw@t-online.de,United States
682,Bogart,Gavozzi,bgavozziix@ucoz.com,France
683,Valdemar,Attew,vattewiy@nydailynews.com,France
684,Josey,Tullis,jtullisiz@unblog.fr,France
685,Danya,Craker,dcrakerj0@washington.edu,United States
686,Pascale,Schuelcke,pschuelckej1@lulu.com,France
687,Irwin,Alf,ialfj2@clickbank.net,United States
688,Bronny,Axston,baxstonj3@prweb.com,United States
689,Willyt,MacCallum,wmaccallumj4@rakuten.co.jp,United States
690,Garwin,Eastbrook,geastbrookj5@seesaa.net,United States
691,Bobbie,Kidstoun,bkidstounj6@senate.gov,Netherlands
692,Jessalin,Duffree,jduffreej7@oaic.gov.au,United States
693,Cindee,Crosier,ccrosierj8@dropbox.com,France
694,Vonnie,Carwithen,vcarwithenj9@merriam-webster.com,United States
695,Cara,Vesty,cvestyja@sina.com.cn,United States
696,De witt,Brisson,dbrissonjb@princeton.edu,United States
697,Ailbert,Mancktelow,amancktelowjc@cdc.gov,United States
698,Dionis,Stucke,dstuckejd@dailymail.co.uk,France
699,Ondrea,Winsome,owinsomeje@java.com,France
700,Deerdre,Pesterfield,dpesterfieldjf@privacy.gov.au,United States
701,Noak,Whitters,nwhittersjg@networkadvertising.org,Netherlands
702,Shelli,Genever,sgeneverjh@shop-pro.jp,France
703,Lora,Novotna,lnovotnaji@wix.com,France
704,Faustina,Millership,fmillershipjj@blog.com,France
705,Karl,Hoult,khoultjk@statcounter.com,United States
706,Silvie,Waddilove,swaddilovejl@yahoo.com,United Kingdom
707,Gwenette,Heinle,gheinlejm@tinyurl.com,France
708,Myra,Jantet,mjantetjn@parallels.com,United States
709,Christabel,Gheeraert,cgheeraertjo@storify.com,France
710,Orelia,Tunnock,otunnockjp@posterous.com,France
711,Charyl,Guesford,cguesfordjq@blogs.com,Netherlands
712,Clyve,Alasdair,calasdairjr@indiatimes.com,France
713,Troy,Crossfield,tcrossfieldjs@unc.edu,France
714,Eileen,Petrasek,epetrasekjt@photobucket.com,United States
715,Seline,Vairow,svairowju@dion.ne.jp,United States
716,Tremain,Fritchly,tfritchlyjv@timesonline.co.uk,France
717,Elinore,Gabbatt,egabbattjw@ucoz.ru,United States
718,Shayne,Midford,smidfordjx@wisc.edu,United States
719,Kimbell,Moxon,kmoxonjy@ibm.com,United States
720,Tom,Mackness,tmacknessjz@howstuffworks.com,France
721,Cathi,Faull,cfaullk0@com.com,France
722,Leif,Cale,lcalek1@naver.com,United States
723,Gwyn,Ceschi,gceschik2@de.vu,France
724,Susanna,Critch,scritchk3@google.nl,United States
725,Torrey,Shyres,tshyresk4@liveinternet.ru,France
726,Shena,Barltrop,sbarltropk5@cargocollective.com,Netherlands
727,Gregorius,Playle,gplaylek6@cdbaby.com,France
728,Olva,Philliphs,ophilliphsk7@miitbeian.gov.cn,France
729,Rogerio,Ledwitch,rledwitchk8@github.com,France
730,Nelly,Skinn,nskinnk9@livejournal.com,France
731,Riki,Todeo,rtodeoka@bloglovin.com,United States
732,Roddie,Buckham,rbuckhamkb@altervista.org,United States
733,Findlay,D'Aulby,fdaulbykc@cocolog-nifty.com,United Kingdom
734,Millard,Hiscoke,mhiscokekd@t-online.de,France
735,Leora,Comberbach,lcomberbachke@quantcast.com,United States
736,Barn,Verecker,bvereckerkf@adobe.com,France
737,Pascal,Ayres,payreskg@fda.gov,France
738,Neille,Genicke,ngenickekh@studiopress.com,France
739,Terri,Matterface,tmatterfaceki@usda.gov,United States
740,Vickie,Kamienski,vkamienskikj@ebay.co.uk,United States
741,Annabella,Brydie,abrydiekk@about.me,France
742,Hobey,Aldin,haldinkl@state.tx.us,United States
743,Tedda,Macia,tmaciakm@wikispaces.com,United States
744,Aubrey,McCaffrey,amccaffreykn@ehow.com,United States
745,Nesta,Huncote,nhuncoteko@princeton.edu,France
746,Amble,O' Molan,aomolankp@opera.com,France
747,Artair,Spawell,aspawellkq@google.com,France
748,Dilan,Innott,dinnottkr@php.net,United States
749,Myrle,Belleny,mbellenyks@salon.com,Netherlands
750,Donalt,Jochen,djochenkt@naver.com,France
751,Cindee,Alliband,callibandku@scribd.com,Netherlands
752,Helga,Bradbeer,hbradbeerkv@pbs.org,United States
753,Valaree,Jayes,vjayeskw@gmpg.org,France
754,Tootsie,Rogger,troggerkx@va.gov,France
755,Katharina,Ranger,krangerky@apple.com,Netherlands
756,Cesare,Parlett,cparlettkz@wikia.com,United States
757,Tiffi,Goly,tgolyl0@fda.gov,United States
758,Zandra,Firth,zfirthl1@narod.ru,United States
759,Bethina,Haddacks,bhaddacksl2@1688.com,United States
760,Steffi,Batham,sbathaml3@twitter.com,Netherlands
761,Sam,Riddell,sriddelll4@scribd.com,France
762,Vera,Dodgshun,vdodgshunl5@hubpages.com,France
763,Arley,Bredee,abredeel6@cpanel.net,United States
764,Ilaire,Pasticznyk,ipasticznykl7@discuz.net,France
765,Lothaire,Verna,lvernal8@webmd.com,United States
766,Aurilia,Faulkes,afaulkesl9@narod.ru,United Kingdom
767,Linnea,De Malchar,ldemalcharla@hugedomains.com,France
768,Drew,Stanyland,dstanylandlb@dot.gov,France
769,Tadeo,Britian,tbritianlc@forbes.com,United States
770,Kevyn,Terris,kterrisld@adobe.com,France
771,Anabel,Langthorne,alangthornele@blogger.com,United States
772,Codi,Mebs,cmebslf@qq.com,United States
773,Sib,Hargreves,shargreveslg@sciencedaily.com,United States
774,Persis,Arrighetti,parrighettilh@sogou.com,Netherlands
775,Mohandis,Coulston,mcoulstonli@fema.gov,France
776,Lombard,Carbery,lcarberylj@dot.gov,United States
777,Shirline,Rymer,srymerlk@google.ca,United States
778,Vidovik,Mulcaster,vmulcasterll@nba.com,France
779,Conrado,Rapelli,crapellilm@1688.com,France
780,Chantalle,Snow,csnowln@parallels.com,United States
781,Dulcea,Illingsworth,dillingsworthlo@geocities.com,United Kingdom
782,Kimball,Bosma,kbosmalp@google.ca,France
783,Sydney,Kesby,skesbylq@pbs.org,France
784,Gilligan,Nutkin,gnutkinlr@weibo.com,United States
785,Menard,de Najera,mdenajerals@sourceforge.net,Netherlands
786,Klaus,Ausello,kausellolt@deliciousdays.com,France
787,Gayelord,Sparham,gsparhamlu@odnoklassniki.ru,United States
788,Corliss,Bickell,cbickelllv@cbc.ca,United Kingdom
789,Kale,Gatley,kgatleylw@last.fm,France
790,Adlai,Yanyushkin,ayanyushkinlx@g.co,France
791,Lennard,Whiteway,lwhitewayly@jimdo.com,United States
792,Gaspar,Ellin,gellinlz@bbb.org,France
793,Edmon,Thunnercliffe,ethunnercliffem0@gmpg.org,United States
794,Gabbey,Gateley,ggateleym1@who.int,France
795,Missy,Rowesby,mrowesbym2@va.gov,United States
796,Mayne,Hodgen,mhodgenm3@facebook.com,United States
797,Kenyon,Emmett,kemmettm4@economist.com,United States
798,Judah,Hugnin,jhugninm5@ocn.ne.jp,Netherlands
799,Royce,Whittlesea,rwhittleseam6@alibaba.com,France
800,Pam,MacCahey,pmaccaheym7@va.gov,France
801,Franklyn,Bodycomb,fbodycombm8@1und1.de,France
802,Moshe,Roselli,mrosellim9@ucoz.ru,France
803,Reinaldos,Dodd,rdoddma@slashdot.org,United Kingdom
804,Terrell,Featherstone,tfeatherstonemb@tumblr.com,United States
805,Giffie,Dodswell,gdodswellmc@who.int,United States
806,Sharla,Mulrean,smulreanmd@china.com.cn,United States
807,Winfield,Thornewell,wthornewellme@moonfruit.com,United States
808,Carrissa,Adicot,cadicotmf@ebay.com,France
809,Shannan,Mochar,smocharmg@tiny.cc,United States
810,Dolli,Goding,dgodingmh@time.com,United States
811,Otis,Klein,okleinmi@paypal.com,United States
812,Parsifal,Shorten,pshortenmj@vimeo.com,Netherlands
813,Shermie,McCrisken,smccriskenmk@phoca.cz,France
814,Pauly,Thinn,pthinnml@cafepress.com,France
815,Janaye,Mochan,jmochanmm@craigslist.org,France
816,Allianora,Micka,amickamn@java.com,France
817,Rodolph,Gelling,rgellingmo@berkeley.edu,France
818,Alix,Norcliff,anorcliffmp@walmart.com,France
819,Garth,Harses,gharsesmq@linkedin.com,France
820,Darnell,Ledur,dledurmr@europa.eu,France
821,Brander,Flewan,bflewanms@opensource.org,France
822,Kevin,Abelov,kabelovmt@dedecms.com,France
823,Patrice,Vinter,pvintermu@cnbc.com,United States
824,Hagan,Spry,hsprymv@blogtalkradio.com,United States
825,Amara,Butters,abuttersmw@bizjournals.com,United States
826,Caldwell,Corcut,ccorcutmx@google.cn,United States
827,Aldin,Keener,akeenermy@tripadvisor.com,United States
828,Katha,Bannerman,kbannermanmz@cpanel.net,United States
829,Horton,Paget,hpagetn0@flickr.com,France
830,Igor,Asp,iaspn1@google.fr,United States
831,Clo,Biddlecombe,cbiddlecomben2@jigsy.com,France
832,Isaiah,Hanwright,ihanwrightn3@skyrock.com,United States
833,Gabe,Simeoli,gsimeolin4@prnewswire.com,United States
834,Brennen,Quest,bquestn5@hatena.ne.jp,France
835,Donnie,Jordine,djordinen6@sun.com,France
836,Ingeborg,Kunert,ikunertn7@xrea.com,France
837,Yulma,Downing,ydowningn8@fastcompany.com,Netherlands
838,Harlin,Birdwistle,hbirdwistlen9@sakura.ne.jp,United States
839,Blithe,Shellard,bshellardna@nifty.com,France
840,Eberto,Blackmuir,eblackmuirnb@domainmarket.com,France
841,Ashia,Jellyman,ajellymannc@phpbb.com,France
842,Kin,Boyen,kboyennd@ehow.com,France
843,Melisenda,Starmont,mstarmontne@icio.us,United States
844,Pasquale,Sprason,psprasonnf@icio.us,France
845,Obie,Mockett,omockettng@redcross.org,Netherlands
846,Eva,Fortoun,efortounnh@sourceforge.net,France
847,Adair,Roughsedge,aroughsedgeni@cnet.com,France
848,Randi,Lampe,rlampenj@istockphoto.com,United Kingdom
849,Courtnay,Gilbody,cgilbodynk@comcast.net,France
850,Ibbie,Misk,imisknl@last.fm,United States
851,Teddi,Newbatt,tnewbattnm@gmpg.org,France
852,Karlik,Adamovich,kadamovichnn@china.com.cn,France
853,Ambrose,Haste,ahasteno@cmu.edu,United States
854,Martita,Zaniolo,mzaniolonp@hc360.com,United States
855,Tine,Ferenc,tferencnq@phoca.cz,United States
856,Joyous,Brideaux,jbrideauxnr@live.com,United States
857,Uri,Stinson,ustinsonns@imageshack.us,United States
858,Wyn,Newbury,wnewburynt@engadget.com,United States
859,Mickey,Rahl,mrahlnu@dmoz.org,United States
860,Flora,McNeish,fmcneishnv@paypal.com,France
861,Cob,Baynes,cbaynesnw@cnet.com,France
862,Pearline,Mazella,pmazellanx@cocolog-nifty.com,Netherlands
863,Pammi,Sharpe,psharpeny@wiley.com,United States
864,Leonore,Lamartine,llamartinenz@kickstarter.com,United Kingdom
865,Web,Sandiland,wsandilando0@wiley.com,France
866,Laurella,Ccomini,lccominio1@360.cn,United States
867,Carla,Volks,cvolkso2@constantcontact.com,France
868,Adelice,Keyte,akeyteo3@google.cn,United States
869,Annora,Tunaclift,atunaclifto4@sfgate.com,United States
870,Nona,Kernley,nkernleyo5@biglobe.ne.jp,France
871,Quinta,Guislin,qguislino6@people.com.cn,United States
872,Hendrika,Soot,hsooto7@odnoklassniki.ru,France
873,Lennie,McGillivrie,lmcgillivrieo8@columbia.edu,Netherlands
874,Carlin,Bruna,cbrunao9@mediafire.com,United States
875,Shepard,Hoppner,shoppneroa@economist.com,United States
876,Shalna,Goolding,sgooldingob@yellowpages.com,France
877,Flore,Ploughwright,fploughwrightoc@ycombinator.com,France
878,Ellswerth,Heersma,eheersmaod@uiuc.edu,France
879,Lettie,Scowcraft,lscowcraftoe@latimes.com,France
880,Frederick,Hemeret,fhemeretof@youtube.com,France
881,Phaidra,Fenech,pfenechog@de.vu,Netherlands
882,Ursa,Gabbot,ugabbotoh@myspace.com,France
883,Killie,Antwis,kantwisoi@springer.com,United States
884,Malory,Hebburn,mhebburnoj@ft.com,France
885,Wendell,Swannack,wswannackok@uol.com.br,United States
886,Heddi,Drewett,hdrewettol@pinterest.com,United States
887,Grant,Garratt,ggarrattom@discuz.net,France
888,Chrotoem,Vowels,cvowelson@multiply.com,France
889,Hilarius,Bayston,hbaystonoo@multiply.com,United States
890,Dorelle,Vynall,dvynallop@mit.edu,United States
891,Ange,Ivel,aiveloq@dailymail.co.uk,France
892,Zelig,Backen,zbackenor@deviantart.com,France
893,Doralynne,Cabane,dcabaneos@ca.gov,United States
894,Marys,Ciccone,mcicconeot@mac.com,Netherlands
895,Garner,Stilly,gstillyou@vk.com,United States
896,Cornelius,Middlehurst,cmiddlehurstov@house.gov,France
897,Adan,Ivushkin,aivushkinow@mayoclinic.com,France
898,Elwyn,Vidgen,evidgenox@cmu.edu,United States
899,Torrence,Graser,tgraseroy@delicious.com,United States
900,Normie,Bizzey,nbizzeyoz@telegraph.co.uk,France
901,Maybelle,Costar,mcostarp0@prweb.com,France
902,Annabela,Saddler,asaddlerp1@deliciousdays.com,France
903,Caprice,Cullinan,ccullinanp2@seesaa.net,France
904,D'arcy,Garvey,dgarveyp3@vkontakte.ru,United States
905,Rustin,Rosoni,rrosonip4@skyrock.com,United States
906,Anabal,Canny,acannyp5@nps.gov,France
907,Melody,Foord,mfoordp6@nhs.uk,France
908,Renata,Loeber,rloeberp7@aboutads.info,France
909,Rodge,Erridge,rerridgep8@last.fm,United States
910,Gunther,Tremeer,gtremeerp9@themeforest.net,United Kingdom
911,Verna,Allingham,vallinghampa@soup.io,France
912,Annora,Rohmer,arohmerpb@cpanel.net,United States
913,Amber,Brugh,abrughpc@mozilla.com,United States
914,Quintus,Wellesley,qwellesleypd@forbes.com,Netherlands
915,Sinclare,Mastrantone,smastrantonepe@opensource.org,United States
916,Orsola,Avramov,oavramovpf@addthis.com,France
917,Katharina,Kyston,kkystonpg@apache.org,France
918,Nessy,Trobe,ntrobeph@reverbnation.com,France
919,Meaghan,Headan,mheadanpi@bloglovin.com,France
920,Jo,Feechum,jfeechumpj@howstuffworks.com,France
921,Tyne,Packe,tpackepk@europa.eu,France
922,Dimitry,Marie,dmariepl@army.mil,United States
923,Baily,Patriche,bpatrichepm@sogou.com,France
924,Justin,Bootland,jbootlandpn@nbcnews.com,United Kingdom
925,Viole,Furmagier,vfurmagierpo@economist.com,France
926,Siobhan,Bramwich,sbramwichpp@hud.gov,United States
927,Cecil,O'Shevlan,coshevlanpq@altervista.org,United States
928,Cletis,Mulvany,cmulvanypr@etsy.com,United Kingdom
929,Alvina,Bugge,abuggeps@cbc.ca,United States
930,Ruthy,Garbert,rgarbertpt@skype.com,France
931,Kevyn,Hardington,khardingtonpu@hugedomains.com,France
932,Deb,Evison,devisonpv@intel.com,France
933,Adrien,Gordon-Giles,agordongilespw@meetup.com,United States
934,Chico,Laird,clairdpx@bandcamp.com,United States
935,Rinaldo,Bettison,rbettisonpy@altervista.org,France
936,Dalis,Ding,ddingpz@ovh.net,United States
937,Griz,Espin,gespinq0@i2i.jp,United States
938,Hadleigh,Clappson,hclappsonq1@sina.com.cn,France
939,Tudor,Calloway,tcallowayq2@ustream.tv,United States
940,Hilly,Hourihan,hhourihanq3@zimbio.com,France
941,Hoyt,Callister,hcallisterq4@deviantart.com,United States
942,Dulcine,Crepin,dcrepinq5@wisc.edu,Netherlands
943,Goldarina,Shute,gshuteq6@diigo.com,France
944,Marv,Pietruschka,mpietruschkaq7@mail.ru,United States
945,Trisha,Vanlint,tvanlintq8@kickstarter.com,France
946,Christa,Lipprose,clipproseq9@arstechnica.com,France
947,Jordon,Munt,jmuntqa@scribd.com,United Kingdom
948,Sylvia,Station,sstationqb@answers.com,United States
949,Cookie,Aldham,caldhamqc@ocn.ne.jp,United States
950,Gilly,Clarridge,gclarridgeqd@paypal.com,France
951,Philippa,Risdall,prisdallqe@ibm.com,United States
952,Cale,Gomer,cgomerqf@a8.net,United Kingdom
953,Hazlett,MacGille,hmacgilleqg@is.gd,United States
954,Roanna,Izkovitz,rizkovitzqh@thetimes.co.uk,Netherlands
955,Pooh,Gilhespy,pgilhespyqi@mysql.com,France
956,Bradan,Dowall,bdowallqj@wordpress.org,France
957,Valma,Bettles,vbettlesqk@woothemes.com,France
958,Janith,Broun,jbrounql@github.io,United States
959,Isac,O'Garmen,iogarmenqm@baidu.com,United States
960,Alyss,Littler,alittlerqn@yelp.com,France
961,Ewart,Wansbury,ewansburyqo@google.it,United States
962,Marcos,Tansey,mtanseyqp@dell.com,United States
963,Zacharias,Gooms,zgoomsqq@devhub.com,United States
964,Akim,Tart,atartqr@miitbeian.gov.cn,Netherlands
965,Robert,Mc Dermid,rmcdermidqs@globo.com,United States
966,Lesly,MacAllester,lmacallesterqt@omniture.com,United Kingdom
967,Lettie,Brawn,lbrawnqu@over-blog.com,France
968,Antonio,Tinklin,atinklinqv@webmd.com,France
969,Emmi,Goudard,egoudardqw@bizjournals.com,France
970,Ulysses,Minghetti,uminghettiqx@cbslocal.com,United States
971,Ashlie,Staig,astaigqy@merriam-webster.com,United States
972,Arnoldo,Bamb,abambqz@alexa.com,United Kingdom
973,Paola,Broschek,pbroschekr0@163.com,United States
974,Tatiana,Kaplan,tkaplanr1@hc360.com,France
975,Lowe,Zamora,lzamorar2@phoca.cz,United States
976,Biddie,Handes,bhandesr3@census.gov,France
977,Lambert,Fullard,lfullardr4@uiuc.edu,France
978,Andra,Camin,acaminr5@indiatimes.com,France
979,Tod,Elgy,telgyr6@usda.gov,United States
980,Anatola,Harry,aharryr7@dagondesign.com,France
981,Griffin,Schurcke,gschurcker8@army.mil,Netherlands
982,Ingmar,Duly,idulyr9@columbia.edu,France
983,Yuri,Deluca,ydelucara@usda.gov,France
984,Bordy,Todeo,btodeorb@discuz.net,Netherlands
985,Maureen,Raith,mraithrc@google.cn,France
986,Karrah,L'Hommeau,klhommeaurd@webs.com,France
987,Gare,Groger,ggrogerre@dmoz.org,France
988,Pasquale,Van de Vlies,pvandevliesrf@fastcompany.com,United States
989,Tanner,Dilloway,tdillowayrg@stumbleupon.com,France
990,Lannie,Clashe,lclasherh@google.pl,United States
991,Filberte,Clarkin,fclarkinri@photobucket.com,United States
992,Verile,Simonnot,vsimonnotrj@imgur.com,France
993,Federica,Roomes,froomesrk@altervista.org,France
994,Evyn,Ughi,eughirl@soundcloud.com,France
995,Joceline,Brundill,jbrundillrm@google.ca,United States
996,Colly,Bossons,cbossonsrn@skype.com,United Kingdom
997,Melisse,Bondar,mbondarro@reddit.com,France
998,Winona,Chable,wchablerp@netlog.com,France
999,Basil,Will,bwillrq@bloomberg.com,France
1000,Deonne,Ashdown,dashdownrr@ow.ly,France
